Workbook

Sheet Test Cases
A1: AI-Based Legal Assistant, e-Lawyer and Case Guidance System - Test Cases
A2: Project ID 28 · UE24CS341A Software Engineering · Team: Prathith Shetty (PES2UG24AM121), Niharika Mirle (PES2UG24AM105), Nidhi (PES2UG24AM102), Prarthana D Acharya (PES2UG24AM119)
A3: How to use: fill the yellow columns (Actual Result, Status, Tested By, Test Date) when you execute a test. Status: Pass / Fail / Blocked / Not Run. 'Pass' rows were verified by the automated test named in column M.
A5: Test Case ID | B5: Type of Test Case | C5: Test Case | D5: Requirement (SRS) | E5: Module (Owner) | F5: Pre-conditions | G5: Test Steps | H5: Test Data | I5: Expected Result | J5: Actual Result | K5: Status | L5: Priority | M5: Automated Test / Method | N5: Tested By | O5: Test Date
A6: TC-FUN-01 | B6: Functional | C6: Register a new user with valid details | D6: FR-01 | E6: User & Case Mgmt (Prathith) | F6: User is logged out; email not registered before | G6: 1. Click Sign up 2. Enter name, email, password, confirm password 3. Tick the 'not legal advice' checkbox 4. Click Create account | H6: Name: Asha Rao; Email: asha@example.test; Password: secret123 | I6: Account is created; message 'Welcome! Your account has been created.'; header shows 'Hi, Asha' | J6: As expected - automated test passed (15-Oct-2026, 98/98 tests) | K6: Pass | L6: High | M6: tests/test_auth.py::test_register_creates_account_and_logs_in | N6: Automated (pytest) | O6: 15-Oct-2026
A7: TC-UNT-03 | B7: Unit | C7: Registration validator rejects weak passwords | D7: FR-02 | E7: User & Case Mgmt (Prathith) | F7: - | G7: Call validate_registration() with each password | H7: 'abcdefgh' (no digit), '12345678' (no letter) | I7: Both return an error on the 'password' field | J7: As expected - automated test passed (15-Oct-2026, 98/98 tests) | K7: Pass | L7: High | M7: tests/test_auth.py::test_password_needs_letter_and_number | N7: Automated (pytest) | O7: 15-Oct-2026
A8: TC-NEG-02 | B8: Negative | C8: Log in with a wrong password | D8: FR-03, NFR-09 | E8: User & Case Mgmt (Prathith) | F8: Registered user exists | G8: 1. Enter a correct email and wrong password 2. Click Log in | H8: asha@example.test / wrong-pass1 | I8: HTTP 401 with 'Incorrect email or password.' (does not reveal which field was wrong) | J8: As expected - automated test passed (15-Oct-2026, 98/98 tests) | K8: Pass | L8: High | M8: tests/test_auth.py::test_wrong_password_gives_generic_error | N8: Automated (pytest) | O8: 15-Oct-2026
A9: TC-INT-01 | B9: Integration | C9: Question from a logged-in user is saved to the database and shown in My cases | D9: FR-20, FR-21 | E9: User & Case Mgmt (Prathith) | F9: User is logged in | G9: 1. POST a question 2. Read the returned query_id 3. Open /history/<query_id> | H9: 'My landlord kept my deposit after I left' | I9: query_id is an integer; the case page shows category 'Property & Tenancy' and the saved answer | J9: As expected - automated test passed (15-Oct-2026, 98/98 tests) | K9: Pass | L9: High | M9: tests/test_cases.py::test_case_detail_shows_saved_answer | N9: Automated (pytest) | O9: 15-Oct-2026
A10: TC-API-01 | B10: API | C10: POST /api/query with a valid question returns the structured JSON | D10: FR-05, FR-08 | E10: Query & AI (Niharika) | F10: Valid session and CSRF token | G10: Send POST /api/query with JSON body and X-CSRF-Token header | H10: {"question": "My employer has not paid my salary for two months"} | I10: HTTP 200; JSON has summary, category {slug: employment}, steps, references, professional_help, emergency, disclaimer, elapsed_ms | J10: As expected - automated test passed (15-Oct-2026, 98/98 tests) | K10: Pass | L10: High | M10: tests/test_query.py::test_category_is_returned | N10: Automated (pytest) | O10: 15-Oct-2026
A11: TC-BVA-01 | B11: Boundary Value | C11: Question length at the 2000-character limit | D11: FR-06 | E11: Query & AI (Niharika) | F11: - | G11: Submit questions of 2000 and 2001 characters | H11: 2000 chars / 2001 chars | I11: 2000 accepted; 2001 rejected with 'Please keep it under 2000 characters.' | J11: As expected - automated test passed (15-Oct-2026, 98/98 tests) | K11: Pass | L11: Medium | M11: tests/test_query.py::test_validate_query_rules | N11: Automated (pytest) | O11: 15-Oct-2026
A12: TC-PRF-01 | B12: Performance | C12: Response time in knowledge-base mode | D12: NFR-01, NFR-02 | E12: Query & AI (Niharika) | F12: AI disabled | G12: 1. Ask a question 2. Read elapsed_ms in the API response | H12: Any supported question | I12: Response in under 2 seconds | J12: As expected - automated test passed (15-Oct-2026, 98/98 tests) | K12: Pass | L12: High | M12: tests/test_query.py::test_response_time_reported | N12: Automated (pytest) | O12: 15-Oct-2026
A13: TC-UI-01 | B13: UI / Usability | C13: Answer sections are clearly labelled for non-technical users | D13: FR-08, NFR-12 | E13: Query & AI (Niharika) | F13: - | G13: 1. Ask a question 2. Review the answer layout | H13: Any example question | I13: Sections in order: category badge, Summary, General steps, When to consult a lawyer (if any), Legal references, disclaimer, feedback | K13: Not Run | L13: Medium | M13: Manual
A14: TC-AIS-03 | B14: AI Safety & Compliance | C14: Danger to life shows emergency helplines first | D14: NFR-06 | E14: Case Guidance (Nidhi) | F14: - | G14: Ask the question | H14: 'My husband is beating me' | I14: Red emergency box with 112 (police) and 181 (women helpline); self-harm wording shows Tele-MANAS 14416 | J14: As expected - automated test passed (15-Oct-2026, 98/98 tests) | K14: Pass | L14: High | M14: tests/test_guidance.py::test_emergency_and_self_harm_notices | N14: Automated (pytest) | O14: 15-Oct-2026
A15: TC-REG-02 | B15: Regression | C15: Earlier bug stays fixed: 'will' in a normal sentence | D15: FR-10 | E15: Case Guidance (Nidhi) | F15: - | G15: Ask the question | H15: 'Which football team will win the match tomorrow?' | I15: Not classified as Family & Marriage | J15: As expected - automated test passed (15-Oct-2026, 98/98 tests) | K15: Pass | L15: Medium | M15: tests/test_classifier.py::test_unrelated_questions_not_classified | N15: Automated (pytest) | O15: 15-Oct-2026
A16: TC-DB-04 | B16: Database | C16: Every seeded template only uses fields it defines | D16: FR-19 | E16: Case Guidance (Nidhi) | F16: - | G16: Compare {{placeholders}} in each template with its fields list | H16: 7 seeded templates | I16: No template uses an undefined field | J16: As expected - automated test passed (15-Oct-2026, 98/98 tests) | K16: Pass | L16: Low | M16: tests/test_app.py::test_seeded_templates_use_only_defined_fields | N16: Automated (pytest) | O16: 15-Oct-2026
A17: TC-SEC-06 | B17: Security | C17: Script entered in a template field is not executed (XSS) | D17: NFR-09 | E17: Case Guidance (Nidhi) | F17: - | G17: 1. Enter the script in Your full name 2. Generate | H17: <script>alert(1)</script> | I17: Text is shown escaped (&lt;script&gt;); no pop-up appears | J17: As expected - automated test passed (15-Oct-2026, 98/98 tests) | K17: Pass | L17: High | M17: tests/test_templates.py::test_generated_output_is_html_escaped | N17: Automated (pytest) | O17: 15-Oct-2026
A18: TC-SMK-02 | B18: Smoke | C18: Verify the knowledge base is seeded on first start | D18: T-01, FR-23 | E18: Admin & DB (Prarthana) | F18: Fresh database (instance/ folder deleted) | G18: 1. Start the app 2. Open Legal references and Templates pages | H18: - | I18: 7 legal categories, 35 legal references and 7 document templates are available | J18: As expected - automated test passed (15-Oct-2026, 98/98 tests) | K18: Pass | L18: High | M18: tests/test_app.py::test_knowledge_base_is_seeded | N18: Automated (pytest) | O18: 15-Oct-2026
A19: TC-LOD-01 | B19: Load / Stress | C19: 10 users ask questions at the same time | D19: NFR-03 | E19: Admin & DB (Prarthana) | F19: App running (python run.py) | G19: 1. Run: python scripts/load_test.py --users 10 --requests 5 | H19: 10 users x 5 questions | I19: All 50 requests succeed, 0 errors, each user gets the answer to their own question | J19: As expected - 50/50 succeeded, 0 errors; avg 0.02 s, p95 0.04 s (15-Oct-2026) | K19: Pass | L19: High | M19: scripts/load_test.py | N19: Automated (load_test.py) | O19: 15-Oct-2026
A20: TC-SYS-02 | B20: System (End-to-End) | C20: Administrator journey: log in, update content, review feedback | D20: FR-04, FR-23 to FR-25 | E20: Admin & DB (Prarthana) | F20: Admin account configured in .env | G20: 1. Log in as admin 2. Open Admin 3. Edit a category 4. Add a reference 5. Review a feedback item | H20: Admin credentials from .env | I20: Admin menu visible only for admin; all changes saved and visible to users | K20: Not Run | L20: High | M20: Manual
A21: TC-UAT-02 | B21: User Acceptance (UAT) | C21: Administrator updates content without any code change | D21: FR-23, FR-24 | E21: Admin & DB (Prarthana) | F21: Team member acting as admin | G21: 1. Add a new template through Admin 2. Use it as a normal user | H21: - | I21: Template is usable immediately; no developer needed | K21: Not Run | L21: Medium | M21: Manual

Sheet Types of Testing
A1: # | B1: Type of Test Case | C1: What it checks | D1: Why it matters for this project | E1: ID prefix | F1: No. of test cases
A2: 1 | B2: Smoke | C2: Quick check that the build starts and its most important pages work before deeper testing. | D2: Run on every pull request / before a demo so a broken build is caught in seconds. | E2: TC-SMK | F2: =COUNTIF('Test Cases'!$B$6:$B$21,B2) -> 1
A3: 2 | B3: Functional | C3: Each feature does what the SRS functional requirement says. | D3: Proves FR-01 to FR-25 are implemented: login, legal query, guidance, references, templates, history, admin. | E3: TC-FUN | F3: =COUNTIF('Test Cases'!$B$6:$B$21,B3) -> 1
A4: 3 | B4: Unit | C4: A single function or class tested in isolation from the rest of the app. | D4: Classifier, validators and template filling contain the core logic and must be correct on their own (NFR-15). | E4: TC-UNT | F4: =COUNTIF('Test Cases'!$B$6:$B$21,B4) -> 1
A5: 4 | B5: Integration | C5: Two or more modules working together (UI, API, database, AI service). | D5: The answer is assembled from 4 team members' modules; their hand-offs must work. | E5: TC-INT | F5: =COUNTIF('Test Cases'!$B$6:$B$21,B5) -> 1
A6: 5 | B6: System (End-to-End) | C6: A complete user journey through the deployed system, as a real user would do it. | D6: Matches what is shown in the sprint demo videos. | E6: TC-SYS | F6: =COUNTIF('Test Cases'!$B$6:$B$21,B6) -> 1
A7: 6 | B7: API | C7: The JSON endpoints called by the browser: status codes, payload, error messages. | D7: /api/query and /api/feedback are used by the Ask page and must reject bad input safely. | E7: TC-API | F7: =COUNTIF('Test Cases'!$B$6:$B$21,B7) -> 1
A8: 7 | B8: Negative | C8: Invalid, unexpected or unsupported input is handled gracefully. | D8: Users type anything; NFR-14 requires friendly messages instead of crashes. | E8: TC-NEG | F8: =COUNTIF('Test Cases'!$B$6:$B$21,B8) -> 1
A9: 8 | B9: Boundary Value | C9: Values exactly at, just below and just above each limit. | D9: Query length (10-2000), password length (8), rating (1-5) are classic off-by-one risks. | E9: TC-BVA | F9: =COUNTIF('Test Cases'!$B$6:$B$21,B9) -> 1
A10: 9 | B10: Security | C10: Authentication, authorization, data privacy and common web attacks. | D10: Legal questions are sensitive personal data (NFR-07 to NFR-11, BR-04). | E10: TC-SEC | F10: =COUNTIF('Test Cases'!$B$6:$B$21,B10) -> 1
A11: 10 | B11: Database | C11: Schema, seed data, stored records and data integrity. | D11: Field layouts must follow SRS Appendix B and survive upgrades. | E11: TC-DB | F11: =COUNTIF('Test Cases'!$B$6:$B$21,B11) -> 1
A12: 11 | B12: Performance | C12: Response time of key operations under normal load. | D12: NFR-01/NFR-02: answers within a reasonable time. | E12: TC-PRF | F12: =COUNTIF('Test Cases'!$B$6:$B$21,B12) -> 1
A13: 12 | B13: Load / Stress | C13: Behaviour with many simultaneous users, and beyond the expected load. | D13: NFR-03: multiple users within the prototype workload. | E13: TC-LOD | F13: =COUNTIF('Test Cases'!$B$6:$B$21,B13) -> 1
... A17: 16 | B17: User Acceptance (UAT) | C17: Real users confirm the system meets their needs before release. | D17: Final sign-off before freezing development at the end of Sprint 2. | E17: TC-UAT | F17: =COUNTIF('Test Cases'!$B$6:$B$21,B17) -> 1
B18: Total | F18: =SUM(F2:F17) -> 16

Sheet Summary
A1: Test Execution Summary
A2: All numbers are formulas over the Test Cases sheet and update as you fill in Status.
A4: Type of Test Case | B4: Total | C4: Pass | D4: Fail | E4: Blocked | F4: Not Run | G4: Pass %
A5: Smoke | B5: =COUNTIF('Test Cases'!$B$6:$B$21,A5) -> 1 | C5: =COUNTIFS('Test Cases'!$B$6:$B$21,A5,'Test Cases'!$K$6:$K$21,"Pass") -> 1 | D5: =COUNTIFS('Test Cases'!$B$6:$B$21,A5,'Test Cases'!$K$6:$K$21,"Fail") -> 0 | E5: =COUNTIFS('Test Cases'!$B$6:$B$21,A5,'Test Cases'!$K$6:$K$21,"Blocked") -> 0 | F5: =COUNTIFS('Test Cases'!$B$6:$B$21,A5,'Test Cases'!$K$6:$K$21,"Not Run") -> 0 | G5: =IF(B5=0,0,C5/B5) -> 1
A6: Functional | B6: =COUNTIF('Test Cases'!$B$6:$B$21,A6) -> 1 | C6: =COUNTIFS('Test Cases'!$B$6:$B$21,A6,'Test Cases'!$K$6:$K$21,"Pass") -> 1 | D6: =COUNTIFS('Test Cases'!$B$6:$B$21,A6,'Test Cases'!$K$6:$K$21,"Fail") -> 0 | E6: =COUNTIFS('Test Cases'!$B$6:$B$21,A6,'Test Cases'!$K$6:$K$21,"Blocked") -> 0 | F6: =COUNTIFS('Test Cases'!$B$6:$B$21,A6,'Test Cases'!$K$6:$K$21,"Not Run") -> 0 | G6: =IF(B6=0,0,C6/B6) -> 1
A7: Unit | B7: =COUNTIF('Test Cases'!$B$6:$B$21,A7) -> 1 | C7: =COUNTIFS('Test Cases'!$B$6:$B$21,A7,'Test Cases'!$K$6:$K$21,"Pass") -> 1 | D7: =COUNTIFS('Test Cases'!$B$6:$B$21,A7,'Test Cases'!$K$6:$K$21,"Fail") -> 0 | E7: =COUNTIFS('Test Cases'!$B$6:$B$21,A7,'Test Cases'!$K$6:$K$21,"Blocked") -> 0 | F7: =COUNTIFS('Test Cases'!$B$6:$B$21,A7,'Test Cases'!$K$6:$K$21,"Not Run") -> 0 | G7: =IF(B7=0,0,C7/B7) -> 1
A8: Integration | B8: =COUNTIF('Test Cases'!$B$6:$B$21,A8) -> 1 | C8: =COUNTIFS('Test Cases'!$B$6:$B$21,A8,'Test Cases'!$K$6:$K$21,"Pass") -> 1 | D8: =COUNTIFS('Test Cases'!$B$6:$B$21,A8,'Test Cases'!$K$6:$K$21,"Fail") -> 0 | E8: =COUNTIFS('Test Cases'!$B$6:$B$21,A8,'Test Cases'!$K$6:$K$21,"Blocked") -> 0 | F8: =COUNTIFS('Test Cases'!$B$6:$B$21,A8,'Test Cases'!$K$6:$K$21,"Not Run") -> 0 | G8: =IF(B8=0,0,C8/B8) -> 1
A9: System (End-to-End) | B9: =COUNTIF('Test Cases'!$B$6:$B$21,A9) -> 1 | C9: =COUNTIFS('Test Cases'!$B$6:$B$21,A9,'Test Cases'!$K$6:$K$21,"Pass") -> 0 | D9: =COUNTIFS('Test Cases'!$B$6:$B$21,A9,'Test Cases'!$K$6:$K$21,"Fail") -> 0 | E9: =COUNTIFS('Test Cases'!$B$6:$B$21,A9,'Test Cases'!$K$6:$K$21,"Blocked") -> 0 | F9: =COUNTIFS('Test Cases'!$B$6:$B$21,A9,'Test Cases'!$K$6:$K$21,"Not Run") -> 1 | G9: =IF(B9=0,0,C9/B9) -> 0
A10: API | B10: =COUNTIF('Test Cases'!$B$6:$B$21,A10) -> 1 | C10: =COUNTIFS('Test Cases'!$B$6:$B$21,A10,'Test Cases'!$K$6:$K$21,"Pass") -> 1 | D10: =COUNTIFS('Test Cases'!$B$6:$B$21,A10,'Test Cases'!$K$6:$K$21,"Fail") -> 0 | E10: =COUNTIFS('Test Cases'!$B$6:$B$21,A10,'Test Cases'!$K$6:$K$21,"Blocked") -> 0 | F10: =COUNTIFS('Test Cases'!$B$6:$B$21,A10,'Test Cases'!$K$6:$K$21,"Not Run") -> 0 | G10: =IF(B10=0,0,C10/B10) -> 1
A11: Negative | B11: =COUNTIF('Test Cases'!$B$6:$B$21,A11) -> 1 | C11: =COUNTIFS('Test Cases'!$B$6:$B$21,A11,'Test Cases'!$K$6:$K$21,"Pass") -> 1 | D11: =COUNTIFS('Test Cases'!$B$6:$B$21,A11,'Test Cases'!$K$6:$K$21,"Fail") -> 0 | E11: =COUNTIFS('Test Cases'!$B$6:$B$21,A11,'Test Cases'!$K$6:$K$21,"Blocked") -> 0 | F11: =COUNTIFS('Test Cases'!$B$6:$B$21,A11,'Test Cases'!$K$6:$K$21,"Not Run") -> 0 | G11: =IF(B11=0,0,C11/B11) -> 1
A12: Boundary Value | B12: =COUNTIF('Test Cases'!$B$6:$B$21,A12) -> 1 | C12: =COUNTIFS('Test Cases'!$B$6:$B$21,A12,'Test Cases'!$K$6:$K$21,"Pass") -> 1 | D12: =COUNTIFS('Test Cases'!$B$6:$B$21,A12,'Test Cases'!$K$6:$K$21,"Fail") -> 0 | E12: =COUNTIFS('Test Cases'!$B$6:$B$21,A12,'Test Cases'!$K$6:$K$21,"Blocked") -> 0 | F12: =COUNTIFS('Test Cases'!$B$6:$B$21,A12,'Test Cases'!$K$6:$K$21,"Not Run") -> 0 | G12: =IF(B12=0,0,C12/B12) -> 1
A13: Security | B13: =COUNTIF('Test Cases'!$B$6:$B$21,A13) -> 1 | C13: =COUNTIFS('Test Cases'!$B$6:$B$21,A13,'Test Cases'!$K$6:$K$21,"Pass") -> 1 | D13: =COUNTIFS('Test Cases'!$B$6:$B$21,A13,'Test Cases'!$K$6:$K$21,"Fail") -> 0 | E13: =COUNTIFS('Test Cases'!$B$6:$B$21,A13,'Test Cases'!$K$6:$K$21,"Blocked") -> 0 | F13: =COUNTIFS('Test Cases'!$B$6:$B$21,A13,'Test Cases'!$K$6:$K$21,"Not Run") -> 0 | G13: =IF(B13=0,0,C13/B13) -> 1
A14: Database | B14: =COUNTIF('Test Cases'!$B$6:$B$21,A14) -> 1 | C14: =COUNTIFS('Test Cases'!$B$6:$B$21,A14,'Test Cases'!$K$6:$K$21,"Pass") -> 1 | D14: =COUNTIFS('Test Cases'!$B$6:$B$21,A14,'Test Cases'!$K$6:$K$21,"Fail") -> 0 | E14: =COUNTIFS('Test Cases'!$B$6:$B$21,A14,'Test Cases'!$K$6:$K$21,"Blocked") -> 0 | F14: =COUNTIFS('Test Cases'!$B$6:$B$21,A14,'Test Cases'!$K$6:$K$21,"Not Run") -> 0 | G14: =IF(B14=0,0,C14/B14) -> 1
A15: Performance | B15: =COUNTIF('Test Cases'!$B$6:$B$21,A15) -> 1 | C15: =COUNTIFS('Test Cases'!$B$6:$B$21,A15,'Test Cases'!$K$6:$K$21,"Pass") -> 1 | D15: =COUNTIFS('Test Cases'!$B$6:$B$21,A15,'Test Cases'!$K$6:$K$21,"Fail") -> 0 | E15: =COUNTIFS('Test Cases'!$B$6:$B$21,A15,'Test Cases'!$K$6:$K$21,"Blocked") -> 0 | F15: =COUNTIFS('Test Cases'!$B$6:$B$21,A15,'Test Cases'!$K$6:$K$21,"Not Run") -> 0 | G15: =IF(B15=0,0,C15/B15) -> 1
A16: Load / Stress | B16: =COUNTIF('Test Cases'!$B$6:$B$21,A16) -> 1 | C16: =COUNTIFS('Test Cases'!$B$6:$B$21,A16,'Test Cases'!$K$6:$K$21,"Pass") -> 1 | D16: =COUNTIFS('Test Cases'!$B$6:$B$21,A16,'Test Cases'!$K$6:$K$21,"Fail") -> 0 | E16: =COUNTIFS('Test Cases'!$B$6:$B$21,A16,'Test Cases'!$K$6:$K$21,"Blocked") -> 0 | F16: =COUNTIFS('Test Cases'!$B$6:$B$21,A16,'Test Cases'!$K$6:$K$21,"Not Run") -> 0 | G16: =IF(B16=0,0,C16/B16) -> 1
... A20: User Acceptance (UAT) | B20: =COUNTIF('Test Cases'!$B$6:$B$21,A20) -> 1 | C20: =COUNTIFS('Test Cases'!$B$6:$B$21,A20,'Test Cases'!$K$6:$K$21,"Pass") -> 0 | D20: =COUNTIFS('Test Cases'!$B$6:$B$21,A20,'Test Cases'!$K$6:$K$21,"Fail") -> 0 | E20: =COUNTIFS('Test Cases'!$B$6:$B$21,A20,'Test Cases'!$K$6:$K$21,"Blocked") -> 0 | F20: =COUNTIFS('Test Cases'!$B$6:$B$21,A20,'Test Cases'!$K$6:$K$21,"Not Run") -> 1 | G20: =IF(B20=0,0,C20/B20) -> 0
A21: Total | B21: =SUM(B5:B20) -> 16 | C21: =SUM(C5:C20) -> 13 | D21: =SUM(D5:D20) -> 0 | E21: =SUM(E5:E20) -> 0 | F21: =SUM(F5:F20) -> 3 | G21: =IF(B21=0,0,C21/B21) -> 0.8125
A23: Priority | B23: Total | C23: Pass
A24: High | B24: =COUNTIF('Test Cases'!$L$6:$L$21,A24) -> 11 | C24: =COUNTIFS('Test Cases'!$L$6:$L$21,A24,'Test Cases'!$K$6:$K$21,"Pass") -> 10
A25: Medium | B25: =COUNTIF('Test Cases'!$L$6:$L$21,A25) -> 4 | C25: =COUNTIFS('Test Cases'!$L$6:$L$21,A25,'Test Cases'!$K$6:$K$21,"Pass") -> 2
A26: Low | B26: =COUNTIF('Test Cases'!$L$6:$L$21,A26) -> 1 | C26: =COUNTIFS('Test Cases'!$L$6:$L$21,A26,'Test Cases'!$K$6:$K$21,"Pass") -> 1

Sheet Traceability
A1: Requirement | B1: Description (SRS) | C1: Test Case IDs | D1: No. of Test Cases | E1: Coverage
A2: FR-01 | B2: Create an account | C2: TC-FUN-01 | D2: =IF(C2="",0,LEN(C2)-LEN(SUBSTITUTE(C2,",",""))+1) -> 1 | E2: =IF(D2>0,"Covered","Not covered") -> Covered
A3: FR-02 | B3: Validate registration information | C3: TC-UNT-03 | D3: =IF(C3="",0,LEN(C3)-LEN(SUBSTITUTE(C3,",",""))+1) -> 1 | E3: =IF(D3>0,"Covered","Not covered") -> Covered
A4: FR-03 | B4: Log in and log out | C4: TC-NEG-02 | D4: =IF(C4="",0,LEN(C4)-LEN(SUBSTITUTE(C4,",",""))+1) -> 1 | E4: =IF(D4>0,"Covered","Not covered") -> Covered
A5: FR-04 | B5: Restrict admin functions to administrators | C5: TC-SYS-02 | D5: =IF(C5="",0,LEN(C5)-LEN(SUBSTITUTE(C5,",",""))+1) -> 1 | E5: =IF(D5>0,"Covered","Not covered") -> Covered
A6: FR-05 | B6: Submit legal questions in natural language | C6: TC-API-01 | D6: =IF(C6="",0,LEN(C6)-LEN(SUBSTITUTE(C6,",",""))+1) -> 1 | E6: =IF(D6>0,"Covered","Not covered") -> Covered
A7: FR-06 | B7: Validate that a query has usable input | C7: TC-BVA-01 | D7: =IF(C7="",0,LEN(C7)-LEN(SUBSTITUTE(C7,",",""))+1) -> 1 | E7: =IF(D7>0,"Covered","Not covered") -> Covered
A8: FR-08 | B8: Present responses in a clear, structured format | C8: TC-API-01, TC-UI-01 | D8: =IF(C8="",0,LEN(C8)-LEN(SUBSTITUTE(C8,",",""))+1) -> 2 | E8: =IF(D8>0,"Covered","Not covered") -> Covered
A9: FR-10 | B9: Classify legal queries into categories | C9: TC-REG-02 | D9: =IF(C9="",0,LEN(C9)-LEN(SUBSTITUTE(C9,",",""))+1) -> 1 | E9: =IF(D9>0,"Covered","Not covered") -> Covered
A10: FR-19 | B10: View or generate supported templates | C10: TC-DB-04 | D10: =IF(C10="",0,LEN(C10)-LEN(SUBSTITUTE(C10,",",""))+1) -> 1 | E10: =IF(D10>0,"Covered","Not covered") -> Covered
A11: FR-20 | B11: Store queries and responses for registered users | C11: TC-INT-01 | D11: =IF(C11="",0,LEN(C11)-LEN(SUBSTITUTE(C11,",",""))+1) -> 1 | E11: =IF(D11>0,"Covered","Not covered") -> Covered
A12: FR-21 | B12: View own query history | C12: TC-INT-01 | D12: =IF(C12="",0,LEN(C12)-LEN(SUBSTITUTE(C12,",",""))+1) -> 1 | E12: =IF(D12>0,"Covered","Not covered") -> Covered
A13: FR-23 | B13: Admin manages approved legal information | C13: TC-SMK-02, TC-SYS-02, TC-UAT-02 | D13: =IF(C13="",0,LEN(C13)-LEN(SUBSTITUTE(C13,",",""))+1) -> 3 | E13: =IF(D13>0,"Covered","Not covered") -> Covered
... A21: NFR-12 | B21: Usability for non-technical users | C21: TC-UI-01 | D21: =IF(C21="",0,LEN(C21)-LEN(SUBSTITUTE(C21,",",""))+1) -> 1 | E21: =IF(D21>0,"Covered","Not covered") -> Covered
A23: Requirements covered | D23: =COUNTIF(E2:E21,"Covered")&" / "&COUNTA(A2:A21) -> 20 / 20
